product_id,stock
MYN-1663-IQ,65
PLS-4578-QE,41
TZI-9725-WZ,64
DXC-6409-PR,84
TUG-8815-OQ,8
ACX-7534-WZ,57
HXK-2031-GS,39
ZRO-2494-CK,19
JRJ-3044-RK,96
RSJ-8290-CT,64
JFG-4059-BT,7
VYE-3450-BC,80
QIQ-4858-GV,28
SIO-9071-VU,4
DPS-6493-GH,46
WHL-3793-KN,61
WHB-9752-TV,51
GTS-2961-MC,2
TAG-4030-WD,68
VAR-7973-TD,9
UJL-8144-FB,88
DWM-4266-IL,11
FWV-4332-YB,88
QID-8246-VF,95
SQJ-6851-MV,86
AOX-2295-KX,51
HYP-6770-TJ,1
TEW-6083-MX,47
ATG-6478-FH,6
WVS-7789-BM,15
WBF-8296-CI,80
RTY-1001-BP,1
BZZ-7801-GR,35
AMV-7840-KA,82
AVQ-2602-GD,90
IWF-2641-PM,38
ZZD-5202-EU,94
LDE-5561-AB,30
RKL-1688-XW,19
UOU-8134-LR,97
JAE-3474-IK,74
CKY-1584-BI,37
LMR-3124-JD,25
JFQ-2161-JM,14
DRP-8766-KZ,56
WPN-1619-JK,59
SMZ-2424-CZ,92
BMA-2606-MR,43
ZSW-4559-NC,50
YFN-4144-LD,22
AQO-4304-DP,43
BZG-3397-DG,54
EDT-8993-ES,83
QPV-6283-PP,88
AKW-6214-KB,56
TZE-7209-SJ,19
QBC-4687-EB,58
KFZ-3438-UO,91
QBS-2485-VZ,19
XNY-4376-JR,68
ZMT-4826-ZA,41
QSI-6450-CP,17
NMZ-7286-BF,27
KBB-8886-NE,24
WCV-3480-ZL,57
MOB-2662-PY,45
TEU-6306-DW,50
MZY-9033-DB,55
UKU-3036-VW,63
MZJ-2991-QZ,50
OLY-4120-OL,94
PIA-9520-VS,29
CYU-9231-WQ,26
ENS-7914-CD,57
YEX-1503-ZO,27
PKX-5138-CL,76
ALL-3914-AH,91
GAG-3018-XA,7
THE-4063-OD,50
EAG-6934-KP,5
UKF-2323-DR,30
EEZ-4650-KQ,82
JLN-1757-ET,11
CEN-5905-RN,24
ULC-5064-OU,47
BMN-1138-NX,8
JPC-4038-ZD,96
WEZ-8309-MF,82
OKQ-3335-LO,87
JAW-8357-TO,23
YUJ-9932-TE,30
CVP-4807-RY,79
DIV-1664-AI,39
WMO-2671-XI,79
VGT-2396-BC,12
DQH-3679-CN,91
SQU-4445-RD,66
XYZ-5564-JO,97
FDW-2974-MM,37
VJL-8744-XN,99
