id,name,price
MYN-1663-IQ,Smart Jacket,$941.38
PLS-4578-QE,Wireless Smartwatch,$774.12
TZI-9725-WZ,Handcrafted Electric Toothbrush,$151.39
DXC-6409-PR,Ultra Sneakers,$445.40
TUG-8815-OQ,Organic Laptop,$825.70
ACX-7534-WZ,Premium Gaming Chair,$506.42
HXK-2031-GS,Eco-Friendly Monitor,$823.18
ZRO-2494-CK,Ergonomic Desk Lamp,$502.13
JRJ-3044-RK,High-Performance Camera,$987.77
RSJ-8290-CT,Heavy-Duty Backpack,$590.30
JFG-4059-BT,Organic Vacuum Cleaner,$71.11
VYE-3450-BC,High-Performance Air Fryer,$401.90
QIQ-4858-GV,Limited Edition E-Reader,$973.53
SIO-9071-VU,Compact Smartphone,$333.78
DPS-6493-GH,Premium Power Bank,$278.14
WHL-3793-KN,Professional Tablet,$802.18
WHB-9752-TV,Deluxe Headphones,$128.81
GTS-2961-MC,Compact E-Reader,$119.04
TAG-4030-WD,Smart Camera,$745.07
VAR-7973-TD,Organic Smartphone,$227.09
UJL-8144-FB,Ergonomic Coffee Maker,$41.76
DWM-4266-IL,Smart E-Reader,$924.72
FWV-4332-YB,Modern Yoga Mat,$166.43
QID-8246-VF,Premium Vacuum Cleaner,$698.52
SQJ-6851-MV,Organic Smartwatch,$575.88
AOX-2295-KX,Professional Water Bottle,$288.17
HYP-6770-TJ,Compact Fitness Tracker,$970.81
TEW-6083-MX,Lightweight E-Reader,$667.10
ATG-6478-FH,Eco-Friendly Wireless Earbuds,$459.48
WVS-7789-BM,Limited Edition Blender,$791.84
WBF-8296-CI,Modern Coffee Maker,$541.62
RTY-1001-BP,Portable Mouse,$858.59
BZZ-7801-GR,Deluxe E-Reader,$743.16
AMV-7840-KA,Vintage Headphones,$735.96
AVQ-2602-GD,Handcrafted Wireless Earbuds,$204.38
IWF-2641-PM,Deluxe Headphones,$282.57
ZZD-5202-EU,Ergonomic E-Reader,$667.82
LDE-5561-AB,Professional Camera,$698.33
RKL-1688-XW,Handcrafted Wireless Earbuds,$507.91
UOU-8134-LR,Modern Camera,$385.75
JAE-3474-IK,Portable Drone,$377.91
CKY-1584-BI,Modern Smartwatch,$598.37
LMR-3124-JD,Smart Power Bank,$246.06
JFQ-2161-JM,Portable Mouse,$425.13
DRP-8766-KZ,Portable Tablet,$491.14
WPN-1619-JK,Classic Desk Lamp,$171.80
SMZ-2424-CZ,Deluxe Camera,$768.28
BMA-2606-MR,Ergonomic Mouse,$460.62
ZSW-4559-NC,Compact Monitor,$268.74
YFN-4144-LD,Deluxe E-Reader,$885.89
AQO-4304-DP,Heavy-Duty Keyboard,$213.82
BZG-3397-DG,Waterproof Jacket,$371.69
EDT-8993-ES,Heavy-Duty Wireless Earbuds,$697.54
QPV-6283-PP,Vintage Water Bottle,$625.28
AKW-6214-KB,Ergonomic Smartwatch,$896.32
TZE-7209-SJ,Smart Smartphone,$820.10
QBC-4687-EB,Wireless Headphones,$778.57
KFZ-3438-UO,Compact Air Purifier,$392.67
QBS-2485-VZ,Ergonomic Webcam,$615.09
XNY-4376-JR,Handcrafted Blender,$846.61
ZMT-4826-ZA,Premium Power Bank,$187.38
QSI-6450-CP,Organic E-Reader,$311.98
NMZ-7286-BF,Classic Monitor,$294.93
KBB-8886-NE,Smart Electric Toothbrush,$885.77
WCV-3480-ZL,Lightweight Laptop,$627.59
MOB-2662-PY,Classic Headphones,$34.76
TEU-6306-DW,High-Performance Wireless Earbuds,$355.24
MZY-9033-DB,Handcrafted Robot Vacuum,$479.78
UKU-3036-VW,Handcrafted Mouse,$808.16
MZJ-2991-QZ,Vintage Laptop,$801.50
OLY-4120-OL,Deluxe Laptop,$924.05
PIA-9520-VS,Limited Edition Electric Toothbrush,$222.29
CYU-9231-WQ,Lightweight Air Purifier,$313.14
ENS-7914-CD,Lightweight Smartphone,$102.53
YEX-1503-ZO,Lightweight Air Fryer,$428.03
PKX-5138-CL,Deluxe Tablet,$368.88
ALL-3914-AH,Compact Smartphone,$611.18
GAG-3018-XA,Wireless Sneakers,$707.03
THE-4063-OD,Smart Sneakers,$725.33
EAG-6934-KP,Wireless Mouse,$960.70
UKF-2323-DR,Limited Edition Mouse,$161.48
EEZ-4650-KQ,Eco-Friendly Monitor,$773.23
JLN-1757-ET,Premium Jacket,$80.89
CEN-5905-RN,Classic Fitness Tracker,$433.38
ULC-5064-OU,Compact Wireless Earbuds,$972.67
BMN-1138-NX,Portable Coffee Maker,$209.47
JPC-4038-ZD,Organic Tablet,$572.77
WEZ-8309-MF,Lightweight Blender,$179.31
OKQ-3335-LO,Deluxe Vacuum Cleaner,$774.26
JAW-8357-TO,Premium Camera,$306.14
YUJ-9932-TE,Lightweight Robot Vacuum,$770.60
CVP-4807-RY,Heavy-Duty Keyboard,$648.02
DIV-1664-AI,Heavy-Duty Air Purifier,$912.74
WMO-2671-XI,Compact Mouse,$893.96
VGT-2396-BC,Organic Mouse,$547.43
DQH-3679-CN,Wireless Mouse,$533.17
SQU-4445-RD,Lightweight Wireless Earbuds,$557.51
XYZ-5564-JO,Compact Fitness Tracker,$644.17
FDW-2974-MM,Limited Edition Coffee Maker,$143.71
VJL-8744-XN,Vintage Vacuum Cleaner,$501.88
